red_team_p1_id,red_team_p2_id,yellow_team_p1_id,yellow_team_p2_id,red_team_goals,yellow_team_goals,red_won,played_on
2,7,6,8,6,10,false,'2017-09-11 13:05:59.000000'
4,5,10,15,10,9,true,'2017-09-11 15:04:24.000000'
10,15,4,5,8,10,false,'2017-09-11 15:17:54.000000'
2,7,6,8,10,7,true,'2017-09-11 18:15:59.000000'
6,8,2,7,8,10,false,'2017-09-11 18:41:59.000000'
7,15,4,14,10,1,true,'2017-09-12 13:03:33.000000'
4,14,7,15,5,10,false,'2017-09-12 13:22:10.000000'
8,13,6,14,10,9,true,'2017-09-12 13:40:11.000000'
2,16,7,8,10,7,true,'2017-09-12 14:02:23.000000'
8,13,2,10,2,10,false,'2017-09-12 14:37:39.000000'
5,15,4,14,9,10,false,'2017-09-12 14:55:01.000000'
4,14,2,10,2,10,false,'2017-09-12 15:22:56.000000'
1,3,6,8,10,7,true,'2017-09-12 18:03:39.000000'
1,7,6,8,10,1,true,'2017-09-12 18:18:33.000000'
1,8,6,16,10,4,true,'2017-09-13 13:16:04.000000'
1,12,3,16,10,3,true,'2017-09-13 14:00:42.000000'
3,16,1,12,3,10,false,'2017-09-13 14:22:55.000000'
5,11,2,10,7,10,false,'2017-09-13 14:46:42.000000'
1,8,2,6,10,7,true,'2017-09-13 18:29:43.000000'
4,11,10,15,5,10,false,'2017-09-13 19:02:55.000000'
10,15,4,11,10,5,true,'2017-09-13 19:12:16.000000'
2,10,4,15,10,8,true,'2017-09-13 19:31:44.000000'
1,8,6,16,10,4,true,'2017-09-14 09:00:50.000000'
1,7,6,8,10,9,true,'2017-09-14 13:05:17.000000'
2,10,8,13,10,2,true,'2017-09-14 14:11:00.000000'
6,8,1,7,7,10,false,'2017-09-14 14:27:21.000000'
2,10,4,5,10,2,true,'2017-09-14 14:37:16.000000'
4,5,2,10,10,4,true,'2017-09-14 14:52:16.000000'
7,11,6,8,6,10,false,'2017-09-14 18:21:42.000000'
1,7,6,8,10,1,true,'2017-09-15 13:12:06.000000'
7,15,1,12,6,10,false,'2017-09-15 13:28:25.000000'
4,14,2,10,4,10,false,'2017-09-15 15:11:50.000000'
6,11,2,14,10,7,true,'2017-09-15 19:09:03.000000'
10,11,12,14,10,5,true,'2017-09-15 19:16:01.000000'
12,14,10,11,4,10,false,'2017-09-15 19:36:01.000000'
8,11,2,16,10,9,true,'2017-09-15 20:33:22.000000'
6,11,2,16,8,10,false,'2017-09-15 20:55:48.000000'
8,12,1,6,8,10,false,'2017-09-18 13:02:12.000000'
1,6,8,12,10,2,true,'2017-09-18 13:24:22.000000'
6,17,2,10,7,10,false,'2017-09-18 13:48:47.000000'
1,6,2,8,10,3,true,'2017-09-18 14:24:38.000000'
10,18,4,14,10,7,true,'2017-09-18 14:45:44.000000'
4,14,10,18,8,10,false,'2017-09-18 15:01:16.000000'
2,6,1,7,8,10,false,'2017-09-18 18:24:12.000000'
4,14,8,16,10,7,true,'2017-09-18 18:36:17.000000'
2,13,8,16,10,7,true,'2017-09-18 18:55:10.000000'
8,13,12,16,6,10,false,'2017-09-18 19:15:49.000000'
12,16,8,13,10,9,true,'2017-09-18 19:37:04.000000'
2,12,6,7,10,8,true,'2017-09-19 13:26:08.000000'
3,16,2,8,5,10,false,'2017-09-19 14:03:55.000000'
2,8,3,16,10,5,true,'2017-09-19 14:18:14.000000'
4,5,8,10,5,10,false,'2017-09-19 14:46:05.000000'
2,10,17,6,5,10,false,'2017-09-19 15:05:11.000000'
2,7,6,8,10,6,true,'2017-09-19 18:44:33.000000'
6,8,2,7,7,10,false,'2017-09-19 18:44:54.000000'
6,8,3,16,10,8,true,'2017-09-19 19:02:49.000000'
6,8,16,12,9,10,false,'2017-09-19 19:24:15.000000'
16,12,6,8,6,10,false,'2017-09-19 19:30:57.000000'
10,18,2,5,4,10,false,'2017-09-19 19:52:46.000000'
2,5,10,18,10,5,true,'2017-09-19 20:10:16.000000'
1,7,6,8,5,10,false,'2017-09-20 13:21:24.000000'
2,16,6,8,3,10,false,'2017-09-20 14:36:15.000000'
12,16,6,8,3,10,false,'2017-09-20 14:56:56.000000'
4,5,12,17,10,7,true,'2017-09-20 15:00:11.000000'
12,17,4,5,6,10,false,'2017-09-20 15:08:47.000000'
3,16,6,7,2,10,false,'2017-09-20 18:29:52.780964'
6,7,3,16,8,10,false,'2017-09-20 18:44:33.526970'
3,16,2,12,1,10,false,'2017-09-20 18:54:16.918000'
2,12,3,16,10,3,true,'2017-09-20 19:03:16.928013'
10,17,2,18,10,1,true,'2017-09-20 20:07:50.456749'
10,17,15,18,10,4,true,'2017-09-20 20:09:31.070271'
1,3,6,8,10,8,true,'2017-09-21 09:10:18.663000'
1,8,2,6,10,7,true,'2017-09-21 13:37:11.146262'
4,10,17,5,10,7,true,'2017-09-21 14:55:35.440000'
1,12,15,7,6,10,false,'2017-09-21 15:11:27.539000'
8,4,2,10,4,10,false,'2017-09-21 15:28:16.534000'
17,5,4,10,10,3,true,'2017-09-21 19:36:16.060000'
4,10,17,5,9,10,false,'2017-09-21 19:37:36.299000'
1,7,6,8,10,6,true,'2017-09-22 13:28:20.373000'
2,8,16,6,10,5,true,'2017-09-22 14:12:28.478000'
12,1,8,6,8,10,false,'2017-09-22 14:27:59.812000'
6,17,8,4,10,6,true,'2017-09-22 14:55:45.324000'
2,10,11,5,10,9,true,'2017-09-22 15:23:10.240000'
1,12,4,8,10,7,true,'2017-09-22 18:22:23.444811'
12,1,8,6,10,8,true,'2017-09-22 18:42:13.189000'
6,8,1,12,8,10,false,'2017-09-22 18:53:42.934000'
8,2,16,6,8,10,false,'2017-09-22 19:19:10.747000'
6,16,2,8,8,10,false,'2017-09-22 19:33:12.622000'
12,16,6,8,10,5,true,'2017-09-22 19:43:47.818000'
12,16,6,8,3,10,false,'2017-09-22 19:52:55.603000'
2,12,11,16,10,5,true,'2017-09-22 20:03:40.610000'
16,11,2,12,4,10,false,'2017-09-22 20:17:33.491000'
2,8,6,1,10,8,true,'2017-09-25 13:45:28.003000'
8,3,16,12,5,10,false,'2017-09-25 13:56:27.836000'
10,4,5,17,6,10,false,'2017-09-25 14:47:46.993000'
8,4,5,11,2,10,false,'2017-09-25 14:56:45.160000'
6,17,11,5,9,10,false,'2017-09-25 15:11:27.602000'
7,1,2,6,5,10,false,'2017-09-25 18:17:20.393000'
11,5,6,17,10,3,true,'2017-09-25 18:40:05.556000'
17,5,4,2,10,7,true,'2017-09-25 19:15:29.395000'
2,4,17,5,9,10,false,'2017-09-25 19:30:35.256000'
2,12,11,5,8,10,false,'2017-09-25 19:44:29.809000'
12,10,17,11,10,6,true,'2017-09-25 20:00:56.786000'
8,11,16,3,10,8,true,'2017-09-26 13:59:35.940000'
8,11,3,6,10,9,true,'2017-09-26 14:00:14.378000'
8,6,4,5,10,6,true,'2017-09-26 15:07:56.734000'
8,6,4,5,10,8,true,'2017-09-26 15:08:11.171000'
8,6,1,7,10,9,true,'2017-09-26 18:58:33.007000'
8,6,16,3,9,10,false,'2017-09-26 19:41:40.418000'
4,18,10,5,4,10,false,'2017-09-26 20:19:47.899000'
1,7,8,6,10,6,true,'2017-09-27 15:06:01.697000'
1,7,8,6,10,8,true,'2017-09-27 15:06:09.843000'
1,6,10,17,10,3,true,'2017-09-27 15:06:33.782000'
5,4,17,12,10,9,true,'2017-09-27 16:20:06.533000'
1,7,11,3,10,8,true,'2017-09-27 18:17:56.170000'
17,11,5,4,10,3,true,'2017-09-27 18:48:53.392000'
17,11,5,4,4,10,false,'2017-09-27 18:54:09.562000'
7,1,4,5,10,5,true,'2017-09-27 19:01:40.769000'
1,2,8,16,10,5,true,'2017-09-28 13:30:20.551000'
1,2,6,8,10,4,true,'2017-09-28 13:41:47.373000'
3,16,8,6,10,5,true,'2017-09-28 13:58:00.536000'
1,6,2,11,4,10,false,'2017-09-28 14:19:50.299000'
1,6,3,8,10,5,true,'2017-09-28 18:20:04.434000'
4,10,5,17,8,10,false,'2017-09-28 18:29:35.765000'
4,10,5,17,10,7,true,'2017-09-28 18:30:33.932000'
10,4,17,5,8,10,false,'2017-09-28 20:36:48.037000'
17,5,10,4,10,9,true,'2017-09-28 20:37:03.021000'
8,1,6,16,7,10,false,'2017-09-29 12:58:28.022000'
8,1,6,16,10,7,true,'2017-09-29 12:59:26.420000'
1,19,2,6,10,5,true,'2017-09-29 13:24:21.190000'
1,3,6,8,10,8,true,'2017-09-29 13:29:19.275442'
2,12,16,8,10,7,true,'2017-09-29 14:09:04.962000'
6,1,2,12,10,6,true,'2017-09-29 14:23:15.368000'
1,6,2,17,10,7,true,'2017-09-29 14:48:11.449000'
17,5,4,10,9,10,false,'2017-09-29 15:10:18.860000'
8,3,1,4,9,10,false,'2017-09-29 18:26:50.001000'
10,3,1,8,8,10,false,'2017-09-29 19:09:09.028000'
1,8,10,5,10,9,true,'2017-09-29 19:09:39.704000'
19,1,12,6,10,7,true,'2017-09-29 19:34:24.277000'
10,4,12,5,5,10,false,'2017-09-29 19:55:40.849000'
2,10,5,4,10,5,true,'2017-09-29 20:10:30.083000'
2,6,10,4,10,9,true,'2017-09-29 20:52:28.674000'
12,5,11,2,10,7,true,'2017-09-29 21:17:13.824000'
2,11,5,12,8,10,false,'2017-09-29 21:33:37.296000'
10,5,2,4,8,10,false,'2017-09-29 23:25:10.242000'
16,11,8,7,10,7,true,'2017-10-02 13:43:52.213000'
16,11,8,7,10,9,true,'2017-10-02 13:44:04.950000'
5,17,4,10,6,10,false,'2017-10-02 15:26:09.931000'
3,16,4,8,1,10,false,'2017-10-02 18:15:56.526574'
1,19,6,7,10,7,true,'2017-10-02 18:46:42.781000'
2,11,10,4,10,5,true,'2017-10-02 19:52:34.181000'
1,7,16,2,10,7,true,'2017-10-03 13:55:50.904000'
2,8,19,16,10,5,true,'2017-10-03 14:15:17.509000'
2,8,6,1,8,10,false,'2017-10-03 14:36:24.004000'
4,18,5,17,1,10,false,'2017-10-03 15:05:23.277000'
5,17,4,18,10,5,true,'2017-10-03 15:06:15.739000'
4,10,5,17,6,10,false,'2017-10-03 19:12:10.519000'
1,7,2,6,10,9,true,'2017-10-03 19:36:14.650000'
6,7,2,1,6,10,false,'2017-10-04 14:56:50.237000'
17,11,12,4,4,10,false,'2017-10-04 15:09:55.622000'
2,8,1,6,5,10,false,'2017-10-04 19:04:03.777000'
8,2,6,4,10,9,true,'2017-10-04 19:20:59.206000'
2,16,1,8,10,5,true,'2017-10-05 13:51:20.181000'
1,8,2,16,9,10,false,'2017-10-05 14:07:24.603000'
2,7,1,6,5,10,false,'2017-10-05 14:45:20.124000'
2,10,16,5,6,10,false,'2017-10-05 15:03:49.259000'
8,16,6,7,10,8,true,'2017-10-06 10:59:14.820000'
2,7,6,1,9,10,false,'2017-10-06 13:32:59.816000'
8,16,6,4,10,9,true,'2017-10-06 15:01:27.153000'
2,20,4,5,9,10,false,'2017-10-06 15:46:24.859736'
8,16,2,11,7,10,false,'2017-10-06 19:51:43.575000'
7,6,1,17,10,6,true,'2017-10-06 20:08:54.659000'
16,8,2,17,7,10,false,'2017-10-06 20:29:48.140000'
2,17,8,16,10,4,true,'2017-10-06 20:45:36.165000'
8,6,16,7,10,8,true,'2017-10-09 10:33:25.861000'
1,8,12,7,10,5,true,'2017-10-09 13:59:15.905000'
6,7,1,8,1,10,false,'2017-10-09 14:21:00.038000'
6,7,12,16,4,10,false,'2017-10-09 19:03:27.878777'
5,17,4,18,10,6,true,'2017-10-09 20:13:03.969000'
4,18,5,17,9,10,false,'2017-10-09 20:14:26.636000'
8,6,16,7,7,10,false,'2017-10-10 09:28:36.749000'
12,3,6,7,5,10,false,'2017-10-10 13:25:07.738000'
6,8,12,3,9,10,false,'2017-10-10 13:30:47.544000'
6,8,2,7,10,6,true,'2017-10-10 13:49:24.813000'
2,16,6,8,10,6,true,'2017-10-10 14:28:49.346000'
4,8,7,15,10,8,true,'2017-10-10 14:45:43.256566'
17,5,4,2,9,10,false,'2017-10-10 15:21:43.433000'
11,2,16,7,10,7,true,'2017-10-10 18:32:01.638000'
16,8,2,11,5,10,false,'2017-10-10 18:43:01.864000'
4,3,2,11,5,10,false,'2017-10-10 18:57:00.620000'
6,7,1,8,5,10,false,'2017-10-11 14:24:52.304000'
2,11,1,8,4,10,false,'2017-10-11 14:26:25.305000'
2,11,16,8,10,8,true,'2017-10-11 14:43:42.962000'
2,4,17,5,10,7,true,'2017-10-11 14:59:04.345000'
7,8,1,6,5,10,false,'2017-10-12 14:05:08.396000'
2,7,6,1,10,6,true,'2017-10-12 14:23:11.413000'
16,8,2,6,8,10,false,'2017-10-12 14:50:53.091000'
8,16,2,12,9,10,false,'2017-10-12 15:05:02.736000'
16,8,1,6,7,10,false,'2017-10-13 13:12:23.073000'
8,6,1,7,8,10,false,'2017-10-13 13:44:36.418000'
1,7,2,8,2,10,false,'2017-10-13 14:25:40.188000'
15,10,17,5,10,9,true,'2017-10-13 14:44:26.430000'
10,16,2,6,10,9,true,'2017-10-13 15:18:37.243000'
16,12,8,6,5,10,false,'2017-10-13 18:27:28.435000'
6,8,16,3,10,4,true,'2017-10-13 18:32:35.987000'
16,3,6,8,7,10,false,'2017-10-13 18:43:25.824000'
16,3,2,12,1,10,false,'2017-10-13 18:52:43.343000'
2,12,11,10,10,8,true,'2017-10-13 20:41:11.892000'
2,11,1,7,10,6,true,'2017-10-16 13:26:44.056000'
8,12,16,6,10,5,true,'2017-10-16 13:49:43.701000'
3,16,7,15,8,10,false,'2017-10-16 13:58:39.588000'
7,15,3,16,10,5,true,'2017-10-16 14:09:22.588000'
17,5,2,4,8,10,false,'2017-10-16 15:02:26.687000'
7,6,2,16,4,10,false,'2017-10-16 18:32:28.226000'
8,6,2,16,10,7,true,'2017-10-16 18:54:12.779000'
12,16,8,6,5,10,false,'2017-10-16 19:04:57.873000'
4,6,2,12,6,10,false,'2017-10-16 19:20:49.221000'
2,4,17,5,7,10,false,'2017-10-16 19:37:59.058000'
7,1,6,3,10,5,true,'2017-10-17 13:58:31.831000'
8,1,2,3,10,5,true,'2017-10-17 13:59:41.846000'
2,3,6,8,7,10,false,'2017-10-17 14:13:49.342000'
17,5,2,4,7,10,false,'2017-10-17 15:18:55.887000'
2,4,17,5,10,9,true,'2017-10-17 15:19:10.394000'
1,6,2,7,10,8,true,'2017-10-17 18:25:41.730000'
5,17,12,11,10,8,true,'2017-10-18 10:44:40.307000'
3,8,6,7,10,6,true,'2017-10-18 13:22:41.349000'
3,8,1,12,7,10,false,'2017-10-18 13:33:51.305000'
2,8,6,7,10,3,true,'2017-10-18 14:25:26.250000'
5,11,1,12,8,10,false,'2017-10-18 15:11:26.710000'
1,2,6,7,10,3,true,'2017-10-19 14:41:52.210000'
2,1,12,3,10,3,true,'2017-10-19 14:53:38.519000'
5,17,2,4,6,10,false,'2017-10-19 15:11:56.123000'
11,3,6,8,3,10,false,'2017-10-19 18:11:17.325000'
1,2,6,8,10,9,true,'2017-10-19 18:33:07.194000'
1,8,6,2,10,9,true,'2017-10-20 13:24:25.642000'
1,11,2,12,10,7,true,'2017-10-20 13:59:10.828000'
21,7,9,6,9,10,false,'2017-10-20 14:10:57.980000'
1,6,2,8,7,10,false,'2017-10-20 14:39:24.220000'
4,18,17,5,10,9,true,'2017-10-20 15:06:21.097000'
8,3,12,7,10,7,true,'2017-10-20 18:35:52.816000'
4,12,3,11,10,2,true,'2017-10-20 18:51:23.068000'
4,12,3,11,10,3,true,'2017-10-20 18:51:27.061000'
12,4,17,5,10,6,true,'2017-10-20 19:22:07.698000'
5,11,4,21,10,5,true,'2017-10-20 19:54:36.108000'
8,1,6,7,7,10,false,'2017-10-20 22:02:53.432000'
8,3,22,11,10,6,true,'2017-10-20 22:25:30.240000'
2,8,6,16,10,2,true,'2017-10-23 13:49:42.914000'
2,16,8,6,10,6,true,'2017-10-23 13:59:47.256000'
2,8,16,3,10,6,true,'2017-10-23 14:10:38.162000'
11,8,16,3,10,6,true,'2017-10-23 14:22:54.511000'
4,10,17,5,10,9,true,'2017-10-23 15:31:42.460000'
8,6,2,16,9,10,false,'2017-10-23 18:26:11.982000'
8,16,2,6,7,10,false,'2017-10-23 18:45:08.573000'
17,5,18,4,10,7,true,'2017-10-23 19:25:03.316000'
4,18,5,17,10,9,true,'2017-10-23 19:39:25.709000'
12,4,10,2,6,10,false,'2017-10-23 19:56:17.871000'
8,6,3,16,10,7,true,'2017-10-24 14:31:50.019000'
17,5,4,16,2,10,false,'2017-10-24 15:19:55.903000'
5,17,4,16,10,9,true,'2017-10-24 15:22:01.579000'
8,21,6,9,1,10,false,'2017-10-24 15:30:13.243000'
2,11,8,6,8,10,false,'2017-10-24 19:18:20.563000'
12,11,6,8,7,10,false,'2017-10-24 19:26:32.514000'
12,8,6,2,8,10,false,'2017-10-24 19:43:12.271000'
2,10,5,11,10,9,true,'2017-10-24 20:03:35.348000'
11,8,6,2,10,9,true,'2017-10-25 14:37:39.843000'
2,21,6,9,10,7,true,'2017-10-25 14:50:13.382000'
5,17,4,10,10,8,true,'2017-10-25 15:10:23.331000'
2,3,6,11,10,8,true,'2017-10-25 18:38:16.119000'
6,11,3,2,7,10,false,'2017-10-25 18:53:19.491000'
10,4,17,5,10,9,true,'2017-10-25 19:25:30.202000'
10,4,5,2,10,8,true,'2017-10-25 19:48:37.561000'
3,16,6,8,3,10,false,'2017-10-26 13:10:21.499000'
6,8,3,16,9,10,false,'2017-10-26 13:22:18.166000'
8,11,2,6,8,10,false,'2017-10-26 14:04:31.944000'
11,5,10,4,10,9,true,'2017-10-26 14:23:47.294000'
10,4,2,17,8,10,false,'2017-10-26 14:42:51.025000'
6,8,3,16,10,7,true,'2017-10-26 18:25:00.741000'
2,3,6,8,3,10,false,'2017-10-27 13:25:50.601000'
6,8,2,3,6,10,false,'2017-10-27 13:26:15.818000'
10,4,17,5,2,10,false,'2017-10-27 14:12:47.856000'
2,8,16,10,10,8,true,'2017-10-27 14:29:09.863000'
2,8,16,3,10,5,true,'2017-10-27 14:41:28.294000'
2,3,8,16,10,6,true,'2017-10-27 14:57:07.420000'
12,8,3,6,7,10,false,'2017-10-27 18:49:06.867000'
12,16,10,4,7,10,false,'2017-10-27 20:59:30.500000'
16,12,6,4,10,9,true,'2017-10-27 21:02:51.767000'
8,4,2,23,10,9,true,'2017-10-27 21:37:46.481000'
12,16,17,5,7,10,false,'2017-10-27 21:46:12.472000'
17,5,12,16,9,10,false,'2017-10-27 21:52:40.161000'
2,9,12,4,10,4,true,'2017-10-27 22:02:09.711000'
12,4,2,9,5,10,false,'2017-10-27 22:20:03.531000'
12,9,5,17,2,10,false,'2017-10-27 22:30:07.304000'
5,17,1,4,6,10,false,'2017-10-30 16:49:55.151000'
10,4,2,5,10,2,true,'2017-10-30 19:31:19.245000'
2,5,10,4,6,10,false,'2017-10-30 19:31:27.808000'
4,10,17,5,10,9,true,'2017-10-30 20:04:30.631000'
8,7,3,16,10,6,true,'2017-10-31 14:40:56.250000'
8,7,3,16,10,7,true,'2017-10-31 14:41:07.483000'
2,11,10,8,10,8,true,'2017-10-31 14:41:17.010000'
10,8,2,11,10,8,true,'2017-10-31 14:41:37.119000'
7,6,1,17,10,4,true,'2017-10-31 14:55:18.049000'
5,4,17,1,10,6,true,'2017-10-31 16:03:23.745000'
11,21,24,9,9,10,false,'2017-10-31 18:01:06.211000'
11,4,5,17,8,10,false,'2017-10-31 19:16:07.307000'
10,4,17,5,10,5,true,'2017-10-31 19:32:05.436000'
2,8,7,6,10,9,true,'2017-11-01 14:07:29.384000'
3,1,11,8,10,7,true,'2017-11-01 17:11:25.518000'
4,20,5,17,7,10,false,'2017-11-01 17:27:21.533000'
8,7,3,16,10,7,true,'2017-11-02 13:51:47.290000'
8,7,3,16,10,5,true,'2017-11-02 13:51:54.670000'
1,11,3,16,10,2,true,'2017-11-02 14:04:05.771000'
10,9,2,11,10,7,true,'2017-11-02 14:33:54.035000'
4,18,5,17,3,10,false,'2017-11-02 14:59:58.707000'
2,5,4,17,5,10,false,'2017-11-02 19:27:09.464000'
10,17,2,5,4,10,false,'2017-11-02 19:27:27.054000'
11,4,12,8,10,8,true,'2017-11-02 19:41:24.270000'
11,5,10,8,9,10,false,'2017-11-02 19:57:33.724000'
6,7,1,2,5,10,false,'2017-11-03 13:26:47.394000'
2,9,24,11,10,5,true,'2017-11-03 13:39:51.130000'
8,11,16,2,10,7,true,'2017-11-03 14:20:53.143000'
16,10,8,11,10,9,true,'2017-11-03 14:37:29.429000'
6,9,1,21,10,7,true,'2017-11-03 15:19:30.010000'
2,10,7,15,10,7,true,'2017-11-03 15:19:51.326000'
7,15,2,10,5,10,false,'2017-11-03 15:20:00.244000'
17,5,2,8,9,10,false,'2017-11-03 19:20:25.040000'
5,12,10,4,5,10,false,'2017-11-03 19:32:00.989000'
2,12,17,5,5,10,false,'2017-11-03 19:49:53.611000'
12,11,10,5,5,10,false,'2017-11-03 19:57:52.496000'
12,10,5,17,6,10,false,'2017-11-03 20:08:55.702000'
8,3,2,7,9,10,false,'2017-11-04 13:51:32.875000'
8,3,2,10,10,7,true,'2017-11-04 14:24:26.070000'
1,6,2,7,4,10,false,'2017-11-04 14:39:14.827000'
4,12,6,1,10,6,true,'2017-11-07 15:57:22.518000'
1,7,8,6,10,8,true,'2017-11-08 13:55:07.066000'
1,3,2,11,10,4,true,'2017-11-08 13:55:37.505000'
2,11,1,3,6,10,false,'2017-11-08 14:12:43.603000'
24,11,9,21,10,6,true,'2017-11-08 14:57:25.683000'
24,11,9,21,9,10,false,'2017-11-08 14:57:41.281000'
2,18,17,5,3,10,false,'2017-11-08 15:04:47.819000'
18,4,17,5,6,10,false,'2017-11-08 15:28:38.373000'
9,11,7,21,10,7,true,'2017-11-08 18:27:58.653000'
9,11,7,21,10,7,true,'2017-11-08 18:28:05.296000'
8,11,6,16,10,5,true,'2017-11-08 18:56:28.983000'
8,6,11,16,10,8,true,'2017-11-09 09:07:20.040000'
1,3,2,6,7,10,false,'2017-11-09 13:54:05.619000'
2,11,4,17,10,4,true,'2017-11-09 15:03:29.890000'
2,11,10,4,10,6,true,'2017-11-09 15:15:08.967000'
2,12,10,4,5,10,false,'2017-11-09 19:49:44.211000'
10,4,2,12,10,9,true,'2017-11-09 19:49:51.410000'
8,12,3,16,10,5,true,'2017-11-10 09:51:27.143000'
8,3,1,6,7,10,false,'2017-11-10 14:29:53.939000'
1,6,8,3,3,10,false,'2017-11-10 14:30:21.473000'
8,3,1,6,7,10,false,'2017-11-10 14:30:48.051000'
2,3,6,8,10,7,true,'2017-11-10 14:40:39.395000'
6,8,2,3,10,7,true,'2017-11-10 14:51:34.582000'
17,5,2,8,9,10,false,'2017-11-10 22:04:30.560000'
9,5,7,6,10,8,true,'2017-11-10 22:12:41.383000'
8,6,3,1,10,7,true,'2017-11-13 13:59:59.067000'
8,6,7,1,9,10,false,'2017-11-13 14:00:40.589000'
4,10,2,17,10,5,true,'2017-11-13 19:40:36.987000'
2,17,4,10,6,10,false,'2017-11-13 19:40:49.721000'
3,2,1,6,10,8,true,'2017-11-14 15:07:17.729000'
1,6,3,2,10,9,true,'2017-11-14 15:07:25.037000'
6,1,3,7,10,8,true,'2017-11-15 13:53:00.495000'
7,3,1,6,6,10,false,'2017-11-15 13:53:08.587000'
2,9,8,21,10,6,true,'2017-11-15 13:53:21.509000'
2,9,6,1,3,10,false,'2017-11-16 13:18:32.143000'
8,1,7,6,10,8,true,'2017-11-16 14:10:10.870000'
6,12,2,17,10,4,true,'2017-11-16 19:32:53.643000'
2,17,6,12,10,4,true,'2017-11-16 19:33:01.154000'
1,7,6,3,10,5,true,'2017-11-17 14:37:32.554000'
6,3,1,7,5,10,false,'2017-11-17 14:47:03.211000'
2,3,17,4,9,10,false,'2017-11-17 14:59:31.521000'
21,11,9,3,8,10,false,'2017-11-17 18:39:53.619000'
11,9,21,3,10,2,true,'2017-11-17 18:41:03.785000'
2,11,4,17,10,9,true,'2017-11-17 18:41:47.032000'
2,16,6,8,10,9,true,'2017-11-17 21:27:34.230000'
3,8,6,1,3,10,false,'2017-11-20 14:09:36.766000'
6,1,3,8,10,7,true,'2017-11-20 14:09:57.587000'
8,7,3,16,10,5,true,'2017-11-20 14:15:26.651000'
1,8,2,12,10,4,true,'2017-11-20 14:43:56.466000'
2,12,1,8,10,8,true,'2017-11-20 14:44:06.522000'
9,11,21,24,10,1,true,'2017-11-20 18:14:05.046000'
9,11,21,24,10,3,true,'2017-11-20 18:14:13.913000'
4,17,2,11,10,8,true,'2017-11-20 19:13:38.595000'
3,1,6,11,10,7,true,'2017-11-21 14:37:25.719000'
6,11,3,1,6,10,false,'2017-11-21 14:37:53.787000'
1,8,2,7,10,5,true,'2017-11-21 14:45:49.363000'
1,8,2,17,10,0,true,'2017-11-21 14:45:58.267000'
6,8,10,4,4,10,false,'2017-11-21 15:02:20.571000'
11,24,9,21,10,8,true,'2017-11-21 18:08:01.893000'
11,8,3,16,10,7,true,'2017-11-21 18:56:10.466000'
8,7,3,16,10,2,true,'2017-11-21 18:57:45.500000'
10,4,15,17,10,7,true,'2017-11-21 19:22:19.997000'
12,4,2,10,10,9,true,'2017-11-21 19:39:12.441000'
3,1,8,11,10,8,true,'2017-11-22 13:28:34.332000'
8,1,7,6,10,9,true,'2017-11-22 13:29:22.954000'
1,3,6,12,10,7,true,'2017-11-22 14:12:38.990000'
6,12,1,3,8,10,false,'2017-11-22 14:13:06.984000'
17,4,10,11,5,10,false,'2017-11-22 14:44:09.306000'
11,10,17,4,10,5,true,'2017-11-22 14:44:54.101000'
11,1,3,7,10,5,true,'2017-11-23 15:03:44.248000'
1,8,7,6,9,10,false,'2017-11-23 16:51:59.088000'
9,6,1,21,10,5,true,'2017-11-23 18:24:13.725000'
1,21,9,6,5,10,false,'2017-11-23 18:24:31.608000'
11,9,2,21,10,0,true,'2017-11-23 18:24:47.285000'
3,6,16,11,10,5,true,'2017-11-23 18:56:24.367000'
2,12,10,15,6,10,false,'2017-11-23 21:20:19.358000'
12,15,10,11,9,10,false,'2017-11-23 21:41:07.973000'
8,1,7,6,10,8,true,'2017-11-24 14:43:59.287000'
8,1,3,6,10,4,true,'2017-11-24 14:44:33.168000'
9,11,3,21,10,1,true,'2017-11-24 14:57:39.406000'
3,21,9,11,7,10,false,'2017-11-24 14:58:10.168000'
8,3,2,12,5,10,false,'2017-11-24 19:20:24.939000'
2,12,8,3,10,9,true,'2017-11-24 19:20:36.571000'
21,9,12,17,5,10,false,'2017-11-24 20:06:55.305000'
17,9,12,21,10,8,true,'2017-11-24 20:07:36.067000'
1,3,8,2,9,10,false,'2017-11-27 13:26:31.914000'
8,1,6,16,7,10,false,'2017-11-27 15:00:52.008000'
8,1,12,3,10,7,true,'2017-11-27 15:01:33.875000'
8,1,12,3,10,8,true,'2017-11-27 15:01:40.531000'
2,11,10,18,10,3,true,'2017-11-27 19:25:40.658000'
1,6,8,16,10,8,true,'2017-11-28 10:12:28.690000'
1,6,8,7,10,9,true,'2017-11-28 14:40:23.128000'
8,7,1,6,8,10,false,'2017-11-28 14:41:17.131000'
12,6,1,7,8,10,false,'2017-11-28 14:41:53.972000'
3,8,11,1,10,7,true,'2017-11-28 14:48:27.376000'
9,11,21,24,10,3,true,'2017-11-28 14:49:50.121000'
2,12,11,6,9,10,false,'2017-11-28 19:22:06.848000'
1,7,3,6,10,9,true,'2017-11-29 13:59:06.139000'
3,6,12,16,10,5,true,'2017-11-29 14:00:00.058000'
1,7,12,16,10,7,true,'2017-11-29 14:00:27.435000'
8,1,6,16,10,4,true,'2017-11-30 13:11:30.226000'
11,1,8,3,10,8,true,'2017-11-30 13:56:09.346000'
8,16,17,11,10,6,true,'2017-11-30 13:57:06.125000'
8,16,3,10,8,10,false,'2017-11-30 14:18:28.586000'
12,16,3,10,10,6,true,'2017-11-30 14:18:52.615000'
11,7,2,8,5,10,false,'2017-11-30 14:55:30.547000'
8,16,7,2,10,7,true,'2017-11-30 18:46:08.113000'
6,16,2,10,2,10,false,'2017-11-30 19:10:52.708000'
2,10,6,16,9,10,false,'2017-11-30 19:28:04.186000'
2,3,16,8,10,9,true,'2017-12-01 14:41:39.105000'
2,9,21,19,10,1,true,'2017-12-01 14:48:20.288000'
8,16,2,11,6,10,false,'2017-12-01 19:25:39.490000'
2,11,16,8,10,6,true,'2017-12-01 19:25:50.314000'
10,18,2,11,4,10,false,'2017-12-01 19:46:55.488000'
8,16,2,3,3,10,false,'2017-12-04 13:25:21.068000'
2,3,8,16,10,6,true,'2017-12-04 13:37:05.589000'
3,24,9,21,10,2,true,'2017-12-04 14:47:51.936000'
3,24,11,21,8,10,false,'2017-12-04 14:48:13.236000'
2,8,7,16,10,4,true,'2017-12-04 18:52:46.794000'
7,16,2,8,10,9,true,'2017-12-04 18:52:56.980000'
2,11,6,16,7,10,false,'2017-12-04 19:09:46.160000'
8,6,3,16,10,6,true,'2017-12-05 14:30:43.929000'
8,6,3,16,10,7,true,'2017-12-05 14:30:54.192000'
8,11,2,3,10,9,true,'2017-12-05 14:31:26.100000'
11,3,2,16,10,9,true,'2017-12-05 19:05:43.666000'
8,7,2,16,10,9,true,'2017-12-06 15:32:07.822000'
1,6,3,8,10,8,true,'2017-12-07 13:35:26.665000'
1,6,3,8,6,10,false,'2017-12-07 13:35:36.515000'
11,3,6,7,3,10,false,'2017-12-08 14:25:32.013000'
11,6,3,7,6,10,false,'2017-12-08 14:25:46.327000'
8,16,2,11,6,10,false,'2017-12-08 14:26:05.173000'
2,11,8,16,10,4,true,'2017-12-08 14:26:14.636000'
3,9,21,1,10,9,true,'2017-12-08 15:04:35.346000'
6,7,1,3,10,9,true,'2017-12-08 18:51:06.509000'
3,1,7,6,10,9,true,'2017-12-08 18:51:36.444000'
2,11,12,8,10,6,true,'2017-12-08 20:46:55.074000'
11,8,16,17,10,8,true,'2017-12-08 22:27:51.931000'
3,6,1,7,10,7,true,'2017-12-11 14:24:00.449000'
1,7,6,16,10,9,true,'2017-12-11 14:37:07.781000'
1,7,6,11,10,7,true,'2017-12-12 14:05:05.394000'
1,7,6,21,10,9,true,'2017-12-12 14:05:55.301000'
3,2,1,7,10,7,true,'2017-12-12 15:06:30.022000'
3,7,6,16,6,10,false,'2017-12-13 15:05:39.919000'
3,1,6,7,10,3,true,'2017-12-13 15:05:48.176000'
16,7,3,1,10,9,true,'2017-12-13 18:16:15.059000'
3,1,16,6,10,9,true,'2017-12-15 14:49:45.203000'
6,7,16,3,10,2,true,'2017-12-19 18:45:05.766000'
6,7,16,3,10,5,true,'2017-12-19 18:45:42.905000'
16,3,6,7,10,1,true,'2017-12-19 18:46:01.888000'
6,3,1,7,10,9,true,'2017-12-19 18:48:12.567000'
2,11,6,3,10,6,true,'2017-12-19 19:00:53.549000'
6,3,1,7,10,7,true,'2017-12-20 16:11:24.964000'
3,6,7,1,8,10,false,'2017-12-20 16:11:51.597000'
3,7,6,1,10,8,true,'2017-12-22 13:46:44.216000'
3,1,11,7,10,8,true,'2018-01-03 13:31:59.515000'
8,7,6,16,10,9,true,'2018-01-04 18:20:41.500000'
6,7,3,1,10,7,true,'2018-01-04 18:21:30.335000'
8,7,3,6,10,7,true,'2018-01-04 18:21:54.037000'
2,11,10,15,10,7,true,'2018-01-04 19:12:26.737000'
8,1,3,7,10,3,true,'2018-01-05 14:27:21.775000'
8,16,3,11,10,3,true,'2018-01-05 14:27:51.341000'
11,8,2,22,10,3,true,'2018-01-05 20:57:47.010000'
11,8,2,6,5,10,false,'2018-01-05 20:58:16.661000'
6,12,11,10,7,10,false,'2018-01-08 19:22:25.868000'
11,10,6,12,8,10,false,'2018-01-08 19:22:56.169000'
3,7,1,6,10,4,true,'2018-01-09 13:19:35.152000'
3,7,1,6,7,10,false,'2018-01-09 13:19:56.904000'
6,1,8,7,10,3,true,'2018-01-09 14:09:21.537000'
3,7,11,8,4,10,false,'2018-01-09 14:42:37.706000'
3,6,8,11,10,2,true,'2018-01-09 14:42:59.770000'
11,8,2,10,4,10,false,'2018-01-09 15:11:09.267000'
8,7,3,1,10,9,true,'2018-01-09 18:16:11.414000'
8,7,3,16,10,9,true,'2018-01-10 13:28:55.710000'
8,7,3,16,10,7,true,'2018-01-10 13:29:03.611000'
8,7,3,16,10,7,true,'2018-01-10 13:29:08.049000'
8,7,1,16,10,7,true,'2018-01-10 18:14:00.953000'
10,7,6,16,10,4,true,'2018-01-11 12:46:31.860000'
6,1,8,7,10,4,true,'2018-01-11 13:23:01.388000'
1,6,8,7,10,9,true,'2018-01-11 19:17:25.611000'
2,11,6,7,8,10,false,'2018-01-11 19:17:40.280000'
2,11,8,16,10,7,true,'2018-01-11 19:17:51.877000'
16,8,2,11,10,6,true,'2018-01-11 19:17:59.680000'
2,25,6,7,3,10,false,'2018-01-12 14:56:56.898000'
6,7,2,25,10,7,true,'2018-01-12 14:57:11.601000'
1,6,7,2,10,8,true,'2018-01-15 13:29:45.813000'
11,10,1,6,3,10,false,'2018-01-15 14:04:04.214000'
2,11,8,16,4,10,false,'2018-01-15 14:22:26.647000'
10,11,8,16,8,10,false,'2018-01-15 14:37:56.409000'
7,6,1,8,9,10,false,'2018-01-16 13:29:08.819000'
2,6,1,8,4,10,false,'2018-01-16 13:29:30.320000'
16,8,2,11,10,4,true,'2018-01-16 14:07:04.411000'
8,16,7,1,8,10,false,'2018-01-16 18:23:00.053000'
2,11,8,16,8,10,false,'2018-01-16 20:23:41.520000'
8,16,2,11,10,4,true,'2018-01-16 20:23:50.003000'
2,11,8,16,10,4,true,'2018-01-16 20:23:58.418000'
2,11,1,8,10,6,true,'2018-01-17 17:38:27.406000'
2,11,10,8,7,10,false,'2018-01-17 17:38:44.551000'
7,1,8,6,10,9,true,'2018-01-18 14:07:26.419000'
8,16,1,6,6,10,false,'2018-01-18 14:09:28.032000'
2,8,1,6,4,10,false,'2018-01-18 14:23:12.493000'
6,3,8,7,10,7,true,'2018-01-19 13:34:12.760000'
8,7,6,3,8,10,false,'2018-01-19 13:34:31.119000'
2,10,8,3,10,5,true,'2018-01-19 13:34:55.229000'
11,8,2,1,7,10,false,'2018-01-19 14:16:13.173000'
2,12,8,16,10,8,true,'2018-01-19 20:28:13.247000'
10,12,8,16,7,10,false,'2018-01-20 09:58:54.199000'
10,12,8,16,6,10,false,'2018-01-20 09:59:05.366000'
2,10,11,6,10,4,true,'2018-01-20 13:58:43.759000'
2,11,8,16,8,10,false,'2018-01-20 14:27:25.353000'
2,11,10,8,4,10,false,'2018-01-20 14:27:35.348000'
6,8,2,3,10,8,true,'2018-01-20 18:52:03.076000'
2,3,6,8,10,9,true,'2018-01-20 18:52:10.515000'
2,3,10,15,10,8,true,'2018-01-20 19:20:33.296000'
3,6,8,1,10,5,true,'2018-01-22 13:19:39.851000'
3,6,8,1,7,10,false,'2018-01-22 13:20:01.173000'
11,1,12,7,10,9,true,'2018-01-22 13:36:58.065000'
2,10,11,6,10,9,true,'2018-01-22 13:56:52.612000'
8,16,7,3,6,10,false,'2018-01-22 18:42:14.292000'
7,3,8,16,6,10,false,'2018-01-22 18:43:54.789000'
8,16,7,3,9,10,false,'2018-01-22 18:44:07.854000'
7,3,8,16,10,7,true,'2018-01-22 18:44:24.477000'
2,8,1,3,10,4,true,'2018-01-23 13:26:28.131000'
1,3,2,8,9,10,false,'2018-01-23 13:26:55.292000'
2,11,1,6,10,8,true,'2018-01-23 14:26:46.618000'
3,8,1,6,8,10,false,'2018-01-24 13:33:01.214000'
2,7,1,6,6,10,false,'2018-01-24 13:33:08.610000'
2,7,11,10,2,10,false,'2018-01-24 14:43:43.709000'
1,3,8,16,9,10,false,'2018-01-24 18:10:56.209000'
2,3,1,6,10,8,true,'2018-01-25 13:14:09.658000'
2,10,16,8,10,8,true,'2018-01-25 13:48:31.864000'
3,7,1,6,9,10,false,'2018-01-25 14:16:16.385628'
2,12,10,11,8,10,false,'2018-01-25 19:45:14.910000'
2,11,8,16,10,9,true,'2018-01-25 21:55:46.499000'
8,16,2,11,9,10,false,'2018-01-26 13:54:22.900000'
10,8,1,6,4,10,false,'2018-01-26 14:24:16.408000'
10,2,1,25,10,6,true,'2018-01-26 14:24:27.765000'
6,12,2,3,8,10,false,'2018-01-26 22:07:13.124000'
2,3,8,16,4,10,false,'2018-01-29 14:16:07.353000'
8,16,2,3,6,10,false,'2018-01-29 14:16:18.983000'
2,3,8,16,10,8,true,'2018-01-29 14:16:27.068000'
1,3,8,16,10,8,true,'2018-01-29 18:29:55.387000'
1,3,8,16,6,10,false,'2018-01-29 18:30:09.721000'
2,10,12,11,10,7,true,'2018-01-29 19:54:33.134000'
1,7,3,6,10,7,true,'2018-01-30 13:40:42.828000'
8,16,3,7,7,10,false,'2018-01-30 13:41:53.572000'
7,1,6,3,10,6,true,'2018-01-30 14:02:12.395000'
16,10,2,11,9,10,false,'2018-01-30 14:15:41.358000'
10,3,2,11,6,10,false,'2018-01-30 19:00:45.267000'
2,11,10,3,9,10,false,'2018-01-30 19:00:57.084000'
2,10,8,16,10,9,true,'2018-01-31 14:24:17.500000'
8,6,11,10,10,7,true,'2018-02-01 13:23:08.803000'
8,6,11,10,10,8,true,'2018-02-01 13:23:14.449000'
8,1,6,3,10,6,true,'2018-02-01 13:40:44.365000'
2,12,10,11,10,9,true,'2018-02-01 14:09:48.119000'
10,11,2,12,10,5,true,'2018-02-01 21:11:23.701000'
2,12,10,11,8,10,false,'2018-02-01 21:11:40.309000'
8,16,7,21,10,6,true,'2018-02-02 13:39:31.946000'
8,16,7,21,10,6,true,'2018-02-02 13:40:25.599000'
2,12,10,11,9,10,false,'2018-02-02 14:10:44.862000'
6,1,7,10,10,9,true,'2018-02-02 14:33:24.355000'
3,1,16,12,10,7,true,'2018-02-02 14:33:53.750000'
8,21,1,9,10,8,true,'2018-02-02 18:56:40.995000'
8,3,1,7,8,10,false,'2018-02-02 18:57:25.341000'
16,7,2,11,10,6,true,'2018-02-02 18:58:33.252000'
2,12,11,16,10,8,true,'2018-02-02 22:15:27.508000'
2,6,11,7,10,5,true,'2018-02-02 22:27:23.387000'
8,11,12,7,10,1,true,'2018-02-05 14:08:55.665000'
8,11,12,7,10,2,true,'2018-02-05 14:09:04.808000'
8,11,1,3,7,10,false,'2018-02-05 14:09:25.307000'
8,2,12,3,10,7,true,'2018-02-06 14:09:13.921000'
2,21,3,9,10,8,true,'2018-02-06 14:18:10.989000'
25,21,3,9,4,10,false,'2018-02-06 14:25:42.817000'
11,3,8,7,10,3,true,'2018-02-07 14:11:53.901000'
8,7,11,3,10,9,true,'2018-02-07 14:12:09.271000'
8,7,2,12,7,10,false,'2018-02-07 14:12:17.467000'
8,11,2,10,4,10,false,'2018-02-07 14:42:23.235000'
3,7,2,8,8,10,false,'2018-02-07 19:00:43.663000'
2,8,3,7,10,9,true,'2018-02-07 19:01:04.159000'
8,11,7,12,10,3,true,'2018-02-07 19:01:16.868000'
7,21,11,9,5,10,false,'2018-02-08 13:38:21.397000'
2,7,8,3,8,10,false,'2018-02-08 14:38:04.330000'
3,9,2,7,2,10,false,'2018-02-08 19:23:31.408000'
2,12,8,11,10,9,true,'2018-02-08 19:23:41.037000'
11,12,21,7,6,10,false,'2018-02-09 13:30:45.685000'
21,7,11,12,1,10,false,'2018-02-09 13:31:29.394000'
8,1,2,7,10,8,true,'2018-02-09 14:23:26.420000'
7,1,3,8,10,4,true,'2018-02-09 18:42:35.887000'
7,1,3,8,10,8,true,'2018-02-09 18:42:40.216000'
7,3,12,1,10,9,true,'2018-02-14 13:35:58.511000'
2,12,7,3,10,6,true,'2018-02-14 13:36:06.816000'
1,21,7,9,10,7,true,'2018-02-14 14:32:25.361000'
8,16,3,7,9,10,false,'2018-02-14 18:16:16.607000'
8,16,6,7,10,9,true,'2018-02-14 18:16:37.329000'
1,10,2,6,10,3,true,'2018-02-16 15:12:57.254000'
2,10,8,16,4,10,false,'2018-02-16 19:34:43.154000'
8,16,2,10,10,9,true,'2018-02-16 19:34:52.319000'
1,10,2,11,6,10,false,'2018-02-19 14:11:46.611000'
1,12,2,3,10,8,true,'2018-02-20 18:36:20.008000'
16,8,3,7,10,9,true,'2018-02-20 18:36:40.984000'
2,11,8,16,4,10,false,'2018-02-20 19:35:18.391000'
8,16,2,11,10,7,true,'2018-02-20 19:35:43.098000'
8,1,6,3,10,6,true,'2018-02-21 10:15:41.350000'
2,11,8,16,7,10,false,'2018-02-21 14:18:00.591000'
8,16,2,11,6,10,false,'2018-02-21 14:18:09.117000'
1,25,2,11,7,10,false,'2018-02-21 14:18:19.486000'
3,8,7,1,6,10,false,'2018-02-21 18:41:03.830000'
16,7,6,1,3,10,false,'2018-02-21 18:41:37.716000'
6,7,8,1,7,10,false,'2018-02-21 18:41:57.904000'
2,11,8,16,10,6,true,'2018-02-22 14:02:25.281000'
8,16,2,11,10,3,true,'2018-02-22 14:02:34.840000'
7,1,3,6,9,10,false,'2018-02-22 18:39:17.320000'
3,1,8,16,10,8,true,'2018-02-22 18:39:38.604000'
1,6,7,12,10,5,true,'2018-02-22 18:56:28.225000'
1,6,7,11,10,7,true,'2018-02-22 18:57:01.071000'
8,16,2,11,6,10,false,'2018-02-22 20:10:20.613000'
10,16,2,11,9,10,false,'2018-02-22 20:10:48.690000'
8,16,12,3,10,7,true,'2018-02-23 14:15:24.800000'
1,10,7,12,10,6,true,'2018-02-23 14:20:41.098000'
2,11,8,16,10,8,true,'2018-02-23 14:59:03.692000'
2,11,12,25,10,5,true,'2018-02-23 21:11:59.152000'
11,17,12,25,8,10,false,'2018-02-23 21:13:08.451000'
11,17,12,25,10,2,true,'2018-02-23 21:13:43.275000'
11,2,8,16,10,4,true,'2018-02-23 21:14:59.007000'
8,16,11,2,6,10,false,'2018-02-23 21:15:50.198000'
2,7,3,8,6,10,false,'2018-02-27 13:25:15.924000'
8,16,1,23,10,3,true,'2018-02-27 14:30:04.048000'
8,16,1,10,6,10,false,'2018-02-27 14:30:41.636000'
2,11,3,12,8,10,false,'2018-02-27 18:59:44.991000'
12,16,1,7,10,9,true,'2018-02-27 19:14:25.539000'
8,16,1,23,10,7,true,'2018-02-28 11:11:39.445000'
2,23,7,6,8,10,false,'2018-02-28 13:45:47.236000'
1,10,2,11,10,5,true,'2018-02-28 14:20:22.163000'
21,16,2,11,5,10,false,'2018-02-28 14:21:08.834000'
16,21,11,12,4,10,false,'2018-02-28 14:27:16.116000'
2,12,16,8,8,10,false,'2018-02-28 18:51:07.357000'
8,16,2,10,4,10,false,'2018-02-28 19:24:23.345000'
2,10,8,16,10,7,true,'2018-02-28 19:24:29.323000'
8,16,10,7,9,10,false,'2018-02-28 19:29:49.717000'
1,3,23,11,10,7,true,'2018-03-01 14:05:00.580000'
1,21,2,11,8,10,false,'2018-03-01 14:33:56.821000'
6,11,7,1,8,10,false,'2018-03-01 14:51:56.541000'
1,7,3,16,10,8,true,'2018-03-02 18:27:05.560000'
3,16,1,7,3,10,false,'2018-03-02 18:27:27.796000'
11,8,12,16,10,9,true,'2018-03-02 21:55:08.086000'
12,16,11,8,3,10,false,'2018-03-02 21:55:46.842000'
1,16,8,3,5,10,false,'2018-03-03 14:32:19.032000'
1,16,8,3,10,5,true,'2018-03-03 14:32:24.405000'
1,16,8,3,10,5,true,'2018-03-03 14:32:30.798000'
1,6,12,11,10,4,true,'2018-03-03 14:32:53.058000'
1,6,12,11,9,10,false,'2018-03-03 14:33:08.876000'
6,16,11,8,10,5,true,'2018-03-03 20:13:24.651000'
11,8,6,16,10,6,true,'2018-03-03 20:13:52.775000'
3,1,8,16,10,4,true,'2018-03-06 14:21:12.832000'
3,1,8,16,10,4,true,'2018-03-06 14:21:39.986000'
3,1,8,11,10,7,true,'2018-03-06 14:22:19.177000'
1,6,3,7,10,9,true,'2018-03-07 13:22:14.313000'
1,6,3,7,10,2,true,'2018-03-07 13:22:23.225000'
8,16,7,11,10,9,true,'2018-03-07 14:17:18.603000'
6,25,1,7,8,10,false,'2018-03-12 18:39:18.397000'
1,7,6,25,10,7,true,'2018-03-12 18:39:38.684000'
8,11,12,16,9,10,false,'2018-03-13 21:00:59.379000'
8,16,7,3,10,5,true,'2018-03-14 14:38:54.454000'
8,16,11,3,10,9,true,'2018-03-14 14:39:21.171000'
8,16,11,2,10,4,true,'2018-03-14 14:39:42.827000'
8,16,7,3,10,7,true,'2018-03-14 14:40:26.047000'
3,11,1,21,8,10,false,'2018-03-14 14:41:50.923000'
8,16,11,2,6,10,false,'2018-03-14 18:20:55.808000'
6,1,2,11,10,9,true,'2018-03-14 18:34:21.483000'
6,1,3,8,10,9,true,'2018-03-15 18:39:02.216000'
6,1,7,16,10,5,true,'2018-03-15 18:39:34.045000'
16,7,2,8,10,9,true,'2018-03-16 14:13:26.500000'
2,8,16,7,10,1,true,'2018-03-16 14:23:12.446000'
1,7,6,16,6,10,false,'2018-03-16 18:51:17.537000'
2,11,8,3,10,9,true,'2018-03-16 18:51:44.851000'
2,11,8,1,5,10,false,'2018-03-16 18:51:54.076000'
2,7,8,16,6,10,false,'2018-03-19 18:50:16.452000'
8,16,2,7,10,6,true,'2018-03-19 18:50:24.814000'
11,2,16,3,10,8,true,'2018-03-20 18:34:38.031000'
8,7,16,25,10,6,true,'2018-03-21 18:47:20.734000'
8,16,6,3,10,4,true,'2018-03-21 18:48:00.516000'
8,3,6,16,10,8,true,'2018-03-21 18:48:31.609000'
2,11,16,7,10,7,true,'2018-03-21 18:51:35.314000'
16,3,6,11,8,10,false,'2018-03-22 13:23:03.540000'
11,7,2,16,9,10,false,'2018-03-22 18:28:34.194000'
6,16,7,3,9,10,false,'2018-03-23 13:42:37.818000'
3,7,2,16,3,10,false,'2018-03-23 13:43:03.166000'
12,25,2,16,9,10,false,'2018-03-23 13:43:11.328000'
3,16,8,11,10,6,true,'2018-03-23 18:24:07.792000'
3,16,8,11,10,8,true,'2018-03-23 18:44:01.908000'
8,16,7,2,10,4,true,'2018-03-23 18:54:49.047000'
7,8,25,26,10,7,true,'2018-04-02 18:15:00.443000'
11,25,7,8,8,10,false,'2018-04-03 13:15:22.037000'
2,26,11,25,10,6,true,'2018-04-03 13:45:42.545000'
6,3,11,8,8,10,false,'2018-04-03 18:45:51.200000'
11,8,6,3,10,4,true,'2018-04-03 18:46:19.757000'
25,26,11,8,0,10,false,'2018-04-04 14:13:16.371000'
1,25,11,8,9,10,false,'2018-04-04 14:14:12.356000'
1,3,8,25,10,5,true,'2018-04-04 14:17:38.312000'
6,7,11,8,10,8,true,'2018-04-04 18:50:49.933000'
12,7,11,8,7,10,false,'2018-04-04 18:51:33.422000'
8,7,2,11,10,8,true,'2018-04-05 13:48:00.320000'
25,26,12,11,7,10,false,'2018-04-05 14:05:28.368000'
25,26,12,11,5,10,false,'2018-04-05 14:05:29.708000'
8,3,11,2,8,10,false,'2018-04-06 13:25:16.663000'
3,25,12,11,6,10,false,'2018-04-06 18:47:27.838000'
12,11,3,25,9,10,false,'2018-04-06 18:48:04.657000'
3,8,11,2,6,10,false,'2018-04-06 18:59:19.803000'
8,25,1,26,10,8,true,'2018-04-09 14:20:54.133000'
8,16,2,11,8,10,false,'2018-04-10 13:43:45.260000'
6,25,11,26,8,10,false,'2018-04-10 13:55:02.854000'
1,3,2,25,10,1,true,'2018-04-10 18:51:37.628000'
2,25,1,3,8,10,false,'2018-04-10 18:51:50.414000'
6,8,2,25,10,7,true,'2018-04-11 14:05:22.288000'
25,3,1,26,10,3,true,'2018-04-11 14:21:22.801000'
25,3,1,26,10,4,true,'2018-04-11 14:21:38.445000'
2,11,3,25,10,9,true,'2018-04-11 18:42:24.882000'
2,25,6,8,9,10,false,'2018-04-12 13:38:49.812000'
2,3,6,25,10,6,true,'2018-04-13 13:38:24.105000'
8,16,2,11,10,8,true,'2018-04-13 13:38:33.401000'
2,11,8,16,7,10,false,'2018-04-13 18:20:00.903000'
8,16,1,3,7,10,false,'2018-04-13 18:41:16.976000'
8,16,1,3,10,9,true,'2018-04-13 18:41:32.333000'
8,16,2,11,2,10,false,'2018-04-14 13:44:32.802000'
2,11,8,16,9,10,false,'2018-04-14 13:44:46.438000'
2,11,12,16,10,2,true,'2018-04-14 13:54:31.996000'
8,16,2,11,10,7,true,'2018-04-14 17:21:39.239000'
8,16,6,7,10,7,true,'2018-04-18 13:59:18.000000'
8,16,2,11,10,9,true,'2018-04-18 18:31:38.841000'
25,11,6,2,10,7,true,'2018-04-19 14:03:46.851000'
8,16,2,11,10,3,true,'2018-04-19 14:12:22.396000'
8,16,11,3,9,10,false,'2018-04-20 13:50:54.362000'
2,1,11,25,10,4,true,'2018-04-20 18:57:16.817000'
1,25,2,11,6,10,false,'2018-04-20 18:57:29.741000'
1,8,2,11,10,8,true,'2018-04-20 18:57:42.928000'
6,8,2,11,10,9,true,'2018-04-23 18:18:36.599000'
1,26,3,25,9,10,false,'2018-04-23 18:42:35.059000'
1,26,3,25,10,8,true,'2018-04-23 18:42:39.750000'
1,26,3,25,7,10,false,'2018-04-23 18:42:47.998000'
2,6,3,11,10,9,true,'2018-04-23 19:11:42.103000'
1,3,25,26,10,7,true,'2018-04-24 14:06:11.486000'
3,26,1,25,7,10,false,'2018-04-24 14:16:05.000000'
8,6,7,1,10,7,true,'2018-04-24 14:44:45.223599'
7,1,8,6,2,10,false,'2018-04-24 14:51:05.223599'
1,3,26,25,10,5,true,'2018-04-25 16:57:13.212000'
1,25,3,26,10,9,true,'2018-04-25 16:57:35.603000'
16,3,2,11,10,8,true,'2018-04-25 18:13:28.043000'
1,25,11,3,10,5,true,'2018-04-25 18:27:39.975000'
2,26,1,11,5,10,false,'2018-04-26 13:11:47.232000'
2,1,11,6,10,7,true,'2018-04-26 14:28:24.104000'
1,3,2,11,9,10,false,'2018-04-26 18:13:52.805000'
2,26,25,11,5,10,false,'2018-04-27 13:46:02.589000'
25,11,2,26,8,10,false,'2018-04-27 13:46:12.054000'
2,16,1,3,6,10,false,'2018-04-27 18:13:52.628000'
6,7,2,11,5,10,false,'2018-04-27 19:35:52.102000'
25,1,8,26,10,7,true,'2018-04-28 10:20:04.875000'
1,25,8,2,10,6,true,'2018-04-28 13:46:01.563000'
25,26,1,2,4,10,false,'2018-04-28 13:46:13.891000'
1,8,2,26,10,1,true,'2018-04-28 14:06:01.755000'
25,26,8,1,8,10,false,'2018-04-28 17:47:11.546000'
25,1,8,26,10,9,true,'2018-04-28 17:48:22.669000'
2,8,1,25,5,10,false,'2018-04-28 17:50:42.548000'
2,26,8,25,7,10,false,'2018-04-28 20:18:15.275000'
8,25,2,26,4,10,false,'2018-04-28 20:18:33.809000'
3,1,2,26,10,3,true,'2018-05-02 18:25:03.829000'
2,26,11,25,3,10,false,'2018-05-03 14:10:09.374000'
2,25,11,26,10,3,true,'2018-05-03 14:10:21.890000'
26,25,2,11,5,10,false,'2018-05-03 14:11:08.062000'
2,26,11,25,8,10,false,'2018-05-04 13:43:24.464000'
3,1,8,6,10,9,true,'2018-05-04 14:12:35.893000'
25,8,26,16,10,5,true,'2018-05-04 18:54:28.568000'
2,26,11,25,10,6,true,'2018-05-04 18:54:59.656000'
11,25,2,26,10,9,true,'2018-05-04 18:55:12.689000'
26,25,1,8,8,10,false,'2018-05-04 20:31:26.116000'
26,1,25,12,9,10,false,'2018-05-04 20:48:28.758000'
8,16,25,11,10,5,true,'2018-05-07 14:27:37.232000'
8,16,25,11,6,10,false,'2018-05-07 14:28:03.534000'
12,16,25,11,3,10,false,'2018-05-07 14:28:34.196000'
12,2,25,11,10,6,true,'2018-05-07 14:29:06.688000'
25,2,26,11,10,8,true,'2018-05-08 13:41:11.020000'
2,25,11,8,9,10,false,'2018-05-10 13:53:47.874000'
7,1,8,6,10,6,true,'2018-05-11 14:11:43.339000'
3,8,26,25,10,8,true,'2018-05-11 18:26:31.868000'
2,8,11,25,5,10,false,'2018-05-11 18:48:46.786000'
2,11,8,16,10,2,true,'2018-05-11 18:48:53.260000'
3,25,11,2,10,7,true,'2018-05-14 13:32:37.746000'
16,25,2,26,8,10,false,'2018-05-15 13:30:01.681000'
2,26,16,25,10,5,true,'2018-05-15 13:30:08.926000'
2,25,11,26,10,7,true,'2018-05-16 13:53:11.031000'
8,16,2,11,2,10,false,'2018-05-16 14:15:56.830000'
2,11,8,16,3,10,false,'2018-05-16 14:16:04.354000'
1,25,8,16,4,10,false,'2018-05-16 18:26:29.954000'
1,2,8,16,10,5,true,'2018-05-16 18:26:39.920000'
2,6,1,3,7,10,false,'2018-05-17 13:22:39.847000'
8,16,2,11,6,10,false,'2018-05-17 13:49:37.906000'
2,11,8,16,10,8,true,'2018-05-17 13:49:46.744000'
3,25,8,16,9,10,false,'2018-05-17 19:18:51.238000'
8,16,6,25,10,2,true,'2018-05-18 13:41:54.998000'
8,25,6,16,4,10,false,'2018-05-18 13:42:30.758000'
8,16,2,11,8,10,false,'2018-05-18 13:45:07.106000'
26,25,3,16,10,8,true,'2018-05-21 18:30:16.098000'
26,25,3,16,10,1,true,'2018-05-21 18:31:06.481000'
2,11,25,26,10,2,true,'2018-05-22 13:49:59.986000'
7,8,1,3,10,8,true,'2018-05-22 13:56:22.423000'
25,26,2,11,5,10,false,'2018-05-23 18:16:43.915000'
8,16,2,7,2,10,false,'2018-05-24 14:01:08.572000'
2,16,25,26,10,8,true,'2018-05-24 14:01:23.505000'
25,26,2,16,10,7,true,'2018-05-24 14:01:40.711000'
2,16,25,26,10,4,true,'2018-05-24 14:01:56.777000'
2,25,1,3,7,10,false,'2018-05-24 14:38:51.819000'
16,8,1,6,10,4,true,'2018-05-25 13:31:55.527000'
2,26,25,11,10,9,true,'2018-05-25 14:36:31.259000'
25,11,2,26,7,10,false,'2018-05-25 14:36:37.510000'
7,25,8,16,10,7,true,'2018-05-25 18:29:46.029000'
7,25,8,16,10,5,true,'2018-05-25 18:29:55.423000'
8,16,2,11,6,10,false,'2018-05-28 14:06:17.994000'
25,3,2,11,5,10,false,'2018-05-28 14:06:30.918000'
2,11,16,1,6,10,false,'2018-05-28 18:34:08.641000'
2,11,25,3,5,10,false,'2018-05-28 18:35:01.263000'
25,3,11,7,10,5,true,'2018-05-28 18:42:07.208000'
8,16,11,2,7,10,false,'2018-05-28 19:18:05.325000'
2,16,12,8,2,10,false,'2018-05-28 19:34:38.056000'
12,8,2,16,9,10,false,'2018-05-28 19:34:53.062000'
3,7,2,11,10,9,true,'2018-05-29 13:44:35.088000'
2,3,11,25,3,10,false,'2018-05-29 18:34:19.524000'
11,25,2,16,8,10,false,'2018-05-29 18:34:33.623000'
25,3,8,16,10,3,true,'2018-05-29 19:01:05.061000'
8,16,25,3,7,10,false,'2018-05-29 19:01:14.652000'
2,3,16,25,8,10,false,'2018-05-30 13:25:59.239000'
25,3,2,1,2,10,false,'2018-05-30 14:01:14.533000'
2,1,3,25,10,7,true,'2018-05-30 18:20:23.547000'
8,16,2,11,8,10,false,'2018-05-31 13:52:16.232000'
1,25,6,7,10,5,true,'2018-05-31 14:09:38.236000'
25,3,8,11,10,7,true,'2018-05-31 14:23:34.356000'
3,25,2,11,6,10,false,'2018-05-31 18:27:17.410000'
2,11,3,25,10,9,true,'2018-05-31 18:27:30.505000'
25,26,2,11,10,5,true,'2018-06-05 13:57:42.372000'
2,11,16,25,8,10,false,'2018-06-05 14:14:30.535000'
25,26,2,11,10,4,true,'2018-06-06 13:53:04.913000'
1,3,2,16,9,10,false,'2018-06-06 14:19:17.523000'
2,11,7,3,7,10,false,'2018-06-06 14:30:51.980000'
3,16,2,11,9,10,false,'2018-06-06 18:51:51.576000'
2,3,25,11,3,10,false,'2018-06-07 13:38:35.253000'
25,11,2,3,9,10,false,'2018-06-07 13:38:51.677000'
16,1,2,11,9,10,false,'2018-06-07 18:12:15.265000'
25,26,2,11,8,10,false,'2018-06-08 14:02:28.652000'
2,11,25,26,6,10,false,'2018-06-08 14:02:39.860000'
25,26,2,11,3,10,false,'2018-06-08 14:02:53.743000'
2,11,25,26,9,10,false,'2018-06-08 18:40:40.540000'
25,16,6,7,10,6,true,'2018-06-08 19:00:31.843000'
2,28,11,26,0,10,false,'2018-06-08 19:30:31.229000'
11,26,2,28,10,7,true,'2018-06-08 19:46:57.679000'
25,26,2,11,10,9,true,'2018-06-11 14:09:11.211000'
11,26,27,28,10,0,true,'2018-06-11 15:33:36.450000'
11,28,26,27,10,2,true,'2018-06-11 15:45:57.680000'
26,27,11,28,3,10,false,'2018-06-11 16:03:08.172000'
25,11,3,1,10,2,true,'2018-06-11 18:23:00.776000'
25,26,16,11,10,5,true,'2018-06-12 13:48:36.158000'
1,3,25,11,8,10,false,'2018-06-12 18:17:01.866000'
3,25,1,11,10,8,true,'2018-06-13 13:31:31.588000'
1,11,25,3,10,7,true,'2018-06-13 13:32:12.559000'
25,3,7,16,10,8,true,'2018-06-13 18:23:56.143000'
1,3,2,11,3,10,false,'2018-06-14 13:30:30.795000'
2,11,1,3,9,10,false,'2018-06-14 13:30:39.407000'
1,25,2,11,10,1,true,'2018-06-14 14:02:43.219000'
2,11,1,25,5,10,false,'2018-06-14 14:02:52.824000'
25,3,1,11,10,6,true,'2018-06-14 18:43:38.668000'
1,11,3,25,10,3,true,'2018-06-14 18:44:14.089000'
3,25,11,1,10,8,true,'2018-06-14 18:45:03.245000'
2,25,3,7,10,8,true,'2018-06-15 13:40:04.870000'
3,2,25,11,10,8,true,'2018-06-15 13:40:37.061000'
8,16,25,11,9,10,false,'2018-06-18 18:25:25.740000'
25,3,1,11,10,6,true,'2018-06-18 22:50:29.780000'
2,1,25,11,10,9,true,'2018-06-19 13:18:44.283000'
25,11,1,3,4,10,false,'2018-06-19 18:25:01.925000'
1,3,11,25,10,7,true,'2018-06-19 18:25:30.695000'
2,11,8,16,10,7,true,'2018-06-19 20:04:44.883000'
8,16,2,11,10,9,true,'2018-06-19 20:04:55.390000'
2,25,11,3,3,10,false,'2018-06-20 18:51:12.823000'
11,3,1,2,10,6,true,'2018-06-20 18:51:39.488000'
2,11,8,16,5,10,false,'2018-06-21 14:03:25.336000'
8,16,2,25,6,10,false,'2018-06-21 14:03:37.657000'
2,25,8,16,10,8,true,'2018-06-21 18:16:38.429000'
25,3,2,11,9,10,false,'2018-06-22 13:49:36.857000'
2,11,25,3,10,5,true,'2018-06-22 13:49:49.595000'
25,3,2,11,8,10,false,'2018-06-22 18:20:31.990000'
2,11,8,12,10,6,true,'2018-06-22 19:48:54.460000'
2,11,8,6,10,7,true,'2018-06-22 20:15:36.193000'
25,3,2,11,10,9,true,'2018-06-25 13:40:40.350000'
2,3,25,11,8,10,false,'2018-06-25 18:10:13.198000'
8,16,11,25,4,10,false,'2018-06-25 18:36:05.989000'
25,3,11,1,3,10,false,'2018-06-25 18:36:48.163000'
2,11,1,3,9,10,false,'2018-06-26 23:43:09.791000'
8,25,1,3,9,10,false,'2018-06-27 13:29:48.722000'
8,25,2,6,10,6,true,'2018-06-27 13:29:58.423000'
3,2,11,25,4,10,false,'2018-06-27 19:36:17.837000'
11,25,3,2,10,4,true,'2018-06-27 19:36:48.013000'
11,1,3,25,10,4,true,'2018-06-28 13:26:37.610000'
1,8,16,25,4,10,false,'2018-06-28 14:10:47.815000'
16,25,1,8,10,6,true,'2018-06-28 14:11:15.144000'
3,25,2,1,7,10,false,'2018-06-28 18:24:03.160000'
2,8,1,3,10,9,true,'2018-06-29 13:25:54.295000'
2,25,1,3,4,10,false,'2018-06-29 18:31:44.728000'
3,25,2,1,10,9,true,'2018-07-04 18:38:41.870000'
16,8,11,25,9,10,false,'2018-07-05 13:41:08.687000'
3,1,11,2,10,7,true,'2018-07-05 14:24:17.870000'
2,11,8,16,10,3,true,'2018-07-06 13:39:31.049000'
25,26,2,11,9,10,false,'2018-07-06 13:39:38.460000'
3,25,11,2,10,7,true,'2018-07-07 13:40:41.387000'
25,8,2,1,5,10,false,'2018-07-07 17:57:28.694000'
25,3,2,1,5,10,false,'2018-07-07 17:57:44.471000'
1,3,8,25,10,7,true,'2018-07-09 18:19:05.837000'
2,11,1,3,10,9,true,'2018-07-10 13:19:17.621000'
1,3,2,25,10,5,true,'2018-07-10 18:19:38.002000'
2,3,8,16,10,5,true,'2018-07-10 19:33:25.761000'
3,8,2,16,9,10,false,'2018-07-10 19:33:34.363000'
2,1,3,25,9,10,false,'2018-07-11 13:20:04.297000'
8,16,2,26,10,8,true,'2018-07-11 13:36:36.905000'
2,26,8,16,3,10,false,'2018-07-11 13:36:46.750000'
8,16,26,25,10,6,true,'2018-07-11 13:47:04.626000'
1,25,8,16,6,10,false,'2018-07-11 18:46:36.236000'
2,16,1,25,10,9,true,'2018-07-11 18:46:49.247000'
1,3,2,8,10,9,true,'2018-07-12 13:09:22.352000'
1,3,25,2,10,6,true,'2018-07-13 14:29:46.602000'
25,2,1,3,4,10,false,'2018-07-13 14:29:57.025000'
1,25,8,16,10,6,true,'2018-07-13 18:43:59.983000'
1,3,25,11,10,6,true,'2018-07-13 18:44:24.693000'
3,1,11,25,9,10,false,'2018-07-16 13:22:20.782000'
11,25,1,3,10,8,true,'2018-07-16 18:30:50.008000'
1,3,25,11,5,10,false,'2018-07-17 13:36:21.470000'
11,25,2,1,10,8,true,'2018-07-17 13:37:03.175000'
2,25,8,16,6,10,false,'2018-07-17 13:52:11.580000'
3,1,11,25,10,3,true,'2018-07-17 18:20:37.695000'
26,25,16,8,10,8,true,'2018-07-18 13:37:47.049000'
26,25,1,2,10,7,true,'2018-07-18 13:38:13.783000'
3,26,2,1,8,10,false,'2018-07-18 13:53:12.077000'
11,1,2,25,10,9,true,'2018-07-18 18:21:20.101000'
8,16,1,25,10,8,true,'2018-07-20 14:28:18.597000'
1,3,8,16,10,2,true,'2018-07-20 18:20:42.739000'
1,3,11,25,10,0,true,'2018-07-20 18:21:02.584000'
1,3,8,16,10,6,true,'2018-07-20 18:59:22.607000'
1,3,26,16,10,3,true,'2018-07-20 18:59:43.722000'